"First Name","Last Name"
"Max","Payne"
"Sydney","Ellis"
"Eddy","Mitchell"
"Vincent","Campbell"
"Tiana","Rogers"
"Derek","Taylor"
"Daniel","Cooper"
"Eleanor","Bailey"
"Belinda","Thompson"
"Alexia","Armstrong"
"Martin","Carroll"
"Miller","Armstrong"
"Annabella","Brown"
"Nicole","Mitchell"
"Melissa","Richards"
"Eleanor","Higgins"
"Kevin","Warren"
"Cadie","Harris"
"Amanda","Murray"
"Carl","Roberts"
"Alina","Carter"
"Sabrina","Robinson"
"Vincent","Smith"
"Carl","Foster"
"Arnold","Henderson"
"Bruce","Holmes"
"Kimberly","Johnson"
"Connie","Douglas"
"Stella","Turner"
"Chester","Watson"
"Kimberly","Richardson"
"Kelvin","Carroll"
"Melissa","Allen"
"Jacob","Sullivan"
"Patrick","Alexander"
"Deanna","Elliott"
"Martin","Morgan"
"Joyce","Higgins"
"April","Harris"
"Arnold","Bennett"
"Stella","Howard"
"Edward","Kelly"
"Ned","Martin"
"Myra","Alexander"
"Violet","Barnes"
"Maria","Martin"
"Kristian","Ross"
"Derek","Hunt"
"Aiden","Roberts"
"Olivia","Johnston"
"Rafael","Armstrong"
"Derek","Dixon"
"Kellan","Walker"
"Adison","Tucker"
"Charlotte","Elliott"
"Tess","Bailey"
"Naomi","Miller"
"Elise","Alexander"
"Adele","Barnes"
"Chester","Ross"
"Chester","Thompson"
"Paul","Harris"
"Annabella","Douglas"
"Max","Williams"
"Sam","Howard"
"Bruce","Evans"
"Vincent","Hamilton"
"Julia","Ryan"
"Patrick","Ferguson"
"Evelyn","Roberts"
"Alisa","Wells"
"David","Armstrong"
"Lana","Thompson"
"Adelaide","Russell"
"Maddie","Moore"
"Aston","Morrison"
"Chelsea","Craig"
"Adele","Hunt"
"Luke","Martin"
"Olivia","Craig"
"Connie","Morris"
"Patrick","Allen"
"Sawyer","Ellis"
"Hailey","Taylor"
"Daniel","Harrison"
"Chester","Smith"
"Agata","Johnston"
"Kimberly","Morris"
"Anna","Johnson"
"Abraham","Ryan"
"Joyce","Harper"
"Kevin","Hill"
"Adam","Murray"
"Alina","Douglas"
"Sophia","Morrison"
"Jenna","Warren"
"Emily","Morris"
"Ashton","Fowler"
"Kelsey","Wright"
"Oliver","Ross"
"David","Robinson"
"Maximilian","Fowler"
"Jacob","Brooks"
"Joyce","Perkins"
"Charlie","Harrison"
"Melanie","Douglas"
"Fiona","Hawkins"
"Rubie","Ryan"
"Sabrina","Hamilton"
"Kelvin","Morgan"
"Edith","Barnes"
"Michael","Douglas"
"Daryl","Riley"
"Edwin","Morrison"
"Melissa","Morrison"
"Adison","Fowler"
"Emma","Crawford"
"Jack","Harris"
"Fenton","Owens"
"Cadie","Perry"
"Lucia","Hawkins"
"Sawyer","Dixon"
"Kellan","Morrison"
"Abigail","Cole"
"Cherry","Davis"
"Olivia","Howard"
"Victor","West"
"Oliver","Gray"
"Lilianna","Elliott"
"Miller","Stevens"
"Savana","Johnson"
"Chloe","Grant"
"Brooke","Crawford"
"Owen","Alexander"
"Tyler","Foster"
"Rosie","Thomas"
"Vanessa","Casey"
"Preston","Williams"
"Ned","Anderson"
"Cadie","Elliott"
"Antony","Walker"
"Samantha","Henderson"
"William","Crawford"
"Adelaide","Grant"
"Mike","Hall"
"Alfred","Hawkins"
"Evelyn","Anderson"
"Maya","Carroll"
"Brianna","Cole"
"Vivian","Evans"
"Garry","Wilson"
"Melissa","Phillips"
"Alfred","Murphy"
"Sam","Armstrong"
"Eleanor","West"
"Stuart","Barnes"
"Amelia","Lloyd"
"Tyler","Holmes"
"Kevin","Bailey"
"Eric","Brown"
"Dominik","Fowler"
"Chelsea","Johnson"
"Daryl","Turner"
"Eleanor","Harrison"
"Arianna","Cunningham"
"Kimberly","Perry"
"Sawyer","Murray"
"Madaline","Dixon"
"Walter","Alexander"
"Valeria","Roberts"
"Alisa","Hamilton"
"Sienna","Thompson"
"Alen","Edwards"
"Patrick","Harris"
"Preston","Foster"
"Owen","Martin"
"Roman","Hamilton"
"Jack","Owens"
"Tess","Scott"
"George","Wilson"
"Edwin","Lloyd"
"Tiana","Stewart"
"Sabrina","Cooper"
"Paul","Bennett"
"Anna","Thompson"
"Melanie","Adams"
"Kellan","Robinson"
"Gianna","Wilson"
"Natalie","Roberts"
"Caroline","Ross"
"Chloe","Murray"
"Lucia","Crawford"
"Frederick","Anderson"
"Vivian","Lloyd"
"Albert","Casey"
"Samantha","Chapman"
"Ashton","Grant"
"Nicole","Davis"
"Ryan","Mason"
"Adison","Hill"
"Anna","Adams"
"Eddy","Bailey"
"Rafael","Miller"
"Brooke","Smith"
"Aida","Anderson"
"Grace","Cameron"
"Dexter","Moore"
"Jenna","Dixon"
"Alen","Taylor"
"Tyler","Kelley"
"Tyler","Allen"
"Abraham","Smith"
"Jordan","Martin"
"Darcy","Turner"
"Tony","Carroll"
"Edith","Mitchell"
"Maria","Craig"
"Grace","Cole"
"Walter","Reed"
"Lenny","Carroll"
"Chloe","Richardson"
"Roman","Lloyd"
"Spike","Moore"
"Myra","Jones"
"Wilson","Moore"
"John","Perkins"
"Garry","Morris"
"Jessica","Roberts"
"Miranda","Casey"
"Hailey","Watson"
"David","Morrison"
"Maximilian","Morrison"
"Arnold","Edwards"
"Aida","Stewart"
"Nicholas","Johnson"
"Jordan","Moore"
"Belinda","Evans"
"Dexter","Cunningham"
"Walter","Turner"
"Ted","Watson"
"Michael","Hill"
"Tony","Morris"
"Rubie","Lloyd"
"Brianna","Chapman"
"Jacob","Perry"
"Melissa","Robinson"
"Amanda","Wells"
"Steven","West"
"Sarah","Cameron"
"Robert","Stevens"
"Ryan","Carter"
"Tara","Holmes"
"Edward","Thomas"
"Jared","Dixon"
"Maria","Crawford"
"Vivian","Phillips"
"Lucas","Spencer"
"Connie","Hall"
"Edgar","Anderson"
"Agata","Ellis"
"Derek","Wilson"
"Lily","Allen"
"Frederick","Chapman"
"Samantha","Perry"
"Clark","Edwards"
"Abigail","Bailey"
"James","Alexander"
"Oscar","Murray"
"Joyce","Williams"
"Victoria","Miller"
"Cherry","Howard"
"April","Montgomery"
"Olivia","Harper"
"David","Allen"
"Samantha","Douglas"
"Jessica","Craig"
"Steven","Holmes"
"Dainton","Johnston"
"Alberta","Roberts"
"Arianna","Douglas"
"Penelope","Dixon"
"Chelsea","Nelson"
"William","Harper"
"Agata","Roberts"
"Nicole","Jones"
"Ryan","Watson"
"Sienna","Kelley"
"Charlotte","Carter"
"Sarah","Wells"
"Elian","Dixon"
"Aldus","Miller"
"Carlos","Phillips"
"Michelle","Casey"
"Michelle","Russell"
"Sam","Hamilton"
"Reid","Campbell"
"Mary","Foster"
"Adrianna","Richards"
"Amanda","Russell"
"Rosie","Wells"
"Maddie","Barrett"
"Chelsea","Bennett"
"Ted","Phillips"
"James","Stevens"
"Arianna","Evans"
"William","Anderson"
"Sofia","Phillips"
"Kirsten","Davis"
"Stuart","Turner"
"Sydney","Henderson"
"Nicole","Cameron"
"Roman","Evans"
"John","Hunt"
"Dexter","Thomas"
"Caroline","Morris"
"John","Turner"
"Aldus","Kelley"
"Rubie","Harris"
"Hailey","Chapman"
"Gianna","Alexander"
"Julia","Myers"
"Lucas","Wright"
"Heather","Alexander"
"Kirsten","Cooper"
"Camila","Martin"
"Belinda","Lloyd"
"Miller","Crawford"
"Ellia","Lloyd"
"Tony","Andrews"
"Miranda","Johnston"
"Tiana","Wright"
"Darcy","Robinson"
"Haris","Cooper"
"Ellia","Thompson"
"Stella","Parker"
"Ada","Perkins"
"Maria","Cooper"
"Andrew","Cooper"
"Fenton","Harris"
"Amelia","Howard"
"Anna","Robinson"
"Paul","Edwards"
"Tyler","Richardson"
"David","Smith"
"Kelvin","Cunningham"
"Lana","Allen"
"Sofia","Stewart"
"Briony","Russell"
"Kristian","Gray"
"Eleanor","Watson"
"Freddie","Gibson"
"Maximilian","Clark"
"Olivia","Davis"
"Lucas","Harper"
"Daryl","Montgomery"
"Ted","Nelson"
"Lana","Ellis"
"Clark","Howard"
"Olivia","Mitchell"
"Caroline","Clark"
"Michael","Carter"
"Madaline","Ellis"
"Samantha","Myers"
"Kelvin","Smith"
"Alford","Miller"
"Arthur","Montgomery"
"Dainton","Kelly"
"Eric","Harrison"
"Savana","Myers"
"Carina","Stewart"
"Max","Miller"
"Emily","Carroll"
"Ned","Thompson"
"Ada","Craig"
"Lyndon","Bennett"
"Sydney","Barrett"
"Julian","Russell"
"Jordan","Wright"
"Brooke","Cunningham"
"Alexander","Morgan"
"Miller","Morgan"
"Daniel","Brooks"
"Julian","Elliott"
"Jordan","Hawkins"
"Tiana","Cooper"
"Florrie","Hamilton"
"Annabella","Farrell"
"Martin","Russell"
"Alexia","Baker"
"Mike","Andrews"
"Melissa","Harrison"
"Vanessa","Wright"
"Antony","Mason"
"Kristian","Montgomery"
"Jordan","Johnston"
"Jack","Lloyd"
"Fenton","Murphy"
"Dominik","Johnston"
"James","Murray"
"Aldus","Baker"
"Jessica","Murray"
"Chloe","Gray"
"Amber","Payne"
"Aldus","Casey"
"Sarah","Baker"
"Camila","Campbell"
"Daryl","Morgan"
"Julian","Foster"
"Evelyn","Richardson"
"Dominik","Stevens"
"Alen","Cole"
"Robert","Bailey"
"Spike","Tucker"
"Mike","Owens"
"Daryl","Hall"
"Mary","Taylor"
"Victoria","Chapman"
"Samantha","Adams"
"Adison","Bennett"
"Mary","Allen"
"Adrian","Murray"
"Richard","Gibson"
"Miley","Ross"
"Fiona","Alexander"
"Vivian","Casey"
"Vivian","Armstrong"
"Richard","Perry"
"Brianna","Johnston"
"Alexander","Martin"
"Savana","Wells"
"Alen","Bennett"
"Aldus","Montgomery"
"Maddie","Douglas"
"Alexia","Parker"
"Kellan","Brown"
"Penelope","Tucker"
"Gianna","Howard"
"John","Davis"
"Freddie","Barnes"
"Kristian","Wright"
"Michael","Jones"
"Garry","Grant"
"Max","Adams"
"Honey","Howard"
"Maya","Ryan"
"Justin","Thomas"
"Andrew","Jones"
"Kelvin","Ryan"
"Adrian","Perry"
"Melissa","Russell"
"Maya","Warren"
"Cherry","Foster"
"Isabella","Carroll"
"Marcus","Kelley"
"Kimberly","Wells"
"Naomi","Stewart"
"Lilianna","Carroll"
"Clark","Stewart"
"Edith","Morgan"
"Frederick","Foster"
"Dexter","Murphy"
"Patrick","Payne"
"George","Anderson"
"Jared","Richards"
"Catherine","Ellis"
"Savana","Wright"
"Walter","Moore"
"Jared","Carroll"
"Maria","Farrell"
"Edward","Gibson"
"Charlotte","Fowler"
"Emily","Russell"
"Alen","Stevens"
"Chelsea","Mitchell"
"Annabella","Bailey"
"Jasmine","Parker"
"Nicholas","Perry"
"Belinda","Mason"
"Aida","Ferguson"
"Oscar","Parker"
"Abraham","Casey"
"Naomi","Montgomery"
"Charlie","Thompson"
"Dexter","Holmes"
"Ryan","Baker"
"Camila","Harper"
"Sam","Farrell"
"Tess","Perkins"
"Evelyn","Thomas"
"Amber","Carter"
"Kelsey","Davis"
"Julia","Craig"
"Alexia","Johnston"
"Isabella","Hamilton"
"Thomas","Chapman"
"Freddie","Campbell"
"Victoria","Williams"
"Mike","Douglas"
"Ted","Andrews"
"Annabella","Hawkins"
"Anna","Phillips"
"George","Myers"
"Annabella","Ryan"
"Amy","Holmes"
"Alford","Richardson"
"Edith","Rogers"
"Carlos","Morgan"
"Arthur","Anderson"
"Lucy","Johnson"
"Mike","Howard"
"Sabrina","Gray"
"Arthur","Wilson"
"Carina","Hunt"
"April","Morris"
"Ted","Barrett"
"Arthur","Ross"
"James","Campbell"
"Sarah","Harper"
"Arthur","Ellis"
"Miller","Alexander"
"Jordan","Harris"
"Kristian","Craig"
"Amanda","Lloyd"
"Rebecca","Payne"
"Sophia","Richardson"
"Edith","Hill"
"Paige","Ferguson"
"Charlie","Craig"
"Sienna","Barrett"
"Eric","Davis"
"Brad","Anderson"
"Miley","Edwards"
"Camila","Thomas"
"Agata","Gibson"
"Alina","Bennett"
"Daisy","Chapman"
"Arianna","Taylor"
"Ted","Chapman"
"Honey","Harris"
"Carlos","Watson"
"Byron","Warren"
"Savana","Andrews"
"Eleanor","Barnes"
"Jack","Farrell"
"Carina","Dixon"
"Sam","Rogers"
"Roland","Kelly"
"Amanda","Parker"
"Jordan","Farrell"
"Jessica","Ross"
"Brianna","Ferguson"
"Sofia","Bailey"
"Tara","Perry"
"Myra","Taylor"
"Elian","Riley"
"Daniel","Gray"
"Jordan","Douglas"
"Isabella","Harris"
"Ryan","Perkins"
"Lilianna","Warren"
"Daniel","Craig"
"Adrianna","Kelly"
"Rubie","Scott"
"Deanna","Henderson"
"Briony","Nelson"
"Arianna","Wilson"
"Madaline","Kelly"
"Edwin","Armstrong"
"Agata","Mason"
"Ned","Cooper"
"Maddie","Hawkins"
"Carlos","Turner"
"Brad","Payne"
"Antony","Clark"
"Melanie","Reed"
"Daisy","Carroll"
"Darcy","Holmes"
"Lydia","Murphy"
"Stuart","Tucker"
"Jordan","Lloyd"
"Kate","Kelly"
"Adam","Wright"
"Sawyer","Adams"
"Wilson","Phillips"
"Ryan","Ellis"
"Cadie","Hall"
"Kevin","Chapman"
"Julia","Casey"
"Henry","Brooks"
"Brooke","Davis"
"Lana","Hawkins"
"Wilson","Gibson"
"Caroline","Hill"
"Lenny","Perkins"
"Alan","Carter"
"Dainton","Baker"
"Derek","Murphy"
"Nicholas","Alexander"
"Brad","Alexander"
"Agata","Moore"
"Ned","Chapman"
"Emily","Taylor"
"Caroline","Foster"
"Cherry","Cole"
"Paul","Murray"
"Alfred","Kelley"
"Frederick","Grant"
"Kelsey","Jones"
"Sawyer","Payne"
"Grace","Watson"
"Martin","Campbell"
"Brad","Hill"
"Alan","Howard"
"Kate","Payne"
"Marcus","Myers"
"Spike","Alexander"
"Cherry","Cameron"
"Lucy","Russell"
"Cadie","Bennett"
"Antony","Andrews"
"Chelsea","Martin"
"Edgar","Douglas"
"Spike","Hamilton"
"Aldus","Williams"
"Adison","Holmes"
"Connie","Riley"
"Sawyer","Rogers"
"Frederick","Cooper"
"Agata","Kelley"
"Antony","Robinson"
"Rubie","Montgomery"
"Alford","Higgins"
"Chester","Taylor"
"Rosie","Richards"
"Reid","Russell"
"Chester","Grant"
"Sydney","West"
"Rafael","Casey"
"Nicole","Miller"
"Victoria","Thomas"
"John","Brooks"
"Carl","Brooks"
"Julian","Barnes"
"Alina","Carroll"
"Alen","Hunt"
"Arianna","Warren"
"Adrianna","Howard"
"Darcy","Carter"
"George","Morris"
"Charlotte","Williams"
"Samantha","Hill"
"Maddie","Baker"
"Alina","Hill"
"Kristian","Farrell"
"Albert","Gibson"
"Sophia","Allen"
"Alford","Armstrong"
"Clark","Anderson"
"Amanda","Richardson"
"Sophia","Howard"
"Myra","Payne"
"Sydney","Morris"
"Antony","Reed"
"Kevin","Anderson"
"Alford","Edwards"
"Briony","Andrews"
"Fenton","Ross"
"Patrick","Riley"
"Owen","Hunt"
"Catherine","Hawkins"
"Catherine","Higgins"
"Madaline","Ferguson"
"Robert","Riley"
"Oliver","Thompson"
"Adison","Owens"
"Steven","Grant"
"Joyce","Allen"
"Lydia","Wilson"
"Honey","Roberts"
"Dexter","Harris"
"Nicholas","Jones"
"Byron","Andrews"
"Freddie","Rogers"
"Paige","Martin"
"Derek","Miller"
"Ellia","Armstrong"
"Tess","Andrews"
"Fiona","Elliott"
"Lyndon","Foster"
"Aldus","Gibson"
"Daryl","Casey"
"Brooke","Owens"
"Victoria","Ellis"
"David","Foster"
"Adrian","Roberts"
"Belinda","Walker"
"Kimberly","Wilson"
"Stuart","Brown"
"Adele","Edwards"
"Brianna","Owens"
"Maya","Hall"
"David","Moore"
"Abraham","Anderson"
"Lana","Spencer"
"Harold","Andrews"
"Amy","Casey"
"Brianna","Crawford"
"Arnold","Turner"
"Arnold","West"
"Lana","Carroll"
"Tyler","Murphy"
"Victoria","West"
"James","Reed"
"Isabella","Roberts"
"Oscar","Howard"
"Heather","Watson"
"Walter","Barrett"
"Haris","Hawkins"
"Grace","Carroll"
"Tony","Wright"
"Garry","Ross"
"Ned","Taylor"
"Brad","Phillips"
"Sam","Anderson"
"Dominik","Harrison"
"Kellan","Adams"
"Maya","Taylor"
"Richard","Morris"
"Clark","Wright"
"Eleanor","Robinson"
"Alina","Riley"
"Amanda","Riley"
"Arthur","Chapman"
"Robert","Baker"
"Bruce","Ellis"
"Dominik","Roberts"
"Alexia","Spencer"
"Tyler","Wilson"
"Rebecca","Roberts"
"Leonardo","Ferguson"
"Michelle","Riley"
"Dale","Kelley"
"Camila","Jones"
"Harold","Harris"
"Preston","Alexander"
"Julian","West"
"Savana","Perry"
"Kevin","Hamilton"
"Wilson","Robinson"
"Carina","Craig"
"Alexia","Edwards"
"April","Armstrong"
"Camila","Cooper"
"Thomas","Ross"
"Anna","Hawkins"
"Paul","Hill"
"Arthur","Campbell"
"Jasmine","Howard"
"Alina","Taylor"
"Abraham","Owens"
"Samantha","Andrews"
"Sarah","Armstrong"
"Emma","Carter"
"Tyler","Roberts"
"Ryan","Craig"
"Rubie","Wright"
"Connie","Barrett"
"Justin","Tucker"
"Richard","Anderson"
"Alexia","Roberts"
"Natalie","Evans"
"Antony","Fowler"
"Ted","Smith"
"Garry","Elliott"
"Ned","Hamilton"
"Roland","Perkins"
"Lily","Harper"
"Annabella","West"
"Tyler","Bennett"
"Darcy","Williams"
"Edith","Miller"
"Richard","Warren"
"Oscar","Harris"
"Ellia","Crawford"
"Lily","Fowler"
"Jenna","Mitchell"
"Thomas","Anderson"
"Sofia","Hill"
"Sienna","Anderson"
"Briony","Warren"
"Daryl","Perkins"
"Tyler","Hamilton"
"Blake","Wells"
"Briony","Davis"
"Nicholas","Richardson"
"Kevin","Thompson"
"Brooke","Holmes"
"Oscar","Bennett"
"Blake","Reed"
"Elian","Smith"
"Luke","Brooks"
"Victoria","Walker"
"Aldus","Nelson"
"Emily","Barnes"
"Maria","Myers"
"Julia","Robinson"
"Jessica","Payne"
"Jenna","Scott"
"Walter","Stewart"
"Camila","Farrell"
"Antony","Perry"
"Adrian","Riley"
"Brad","Myers"
"Natalie","Baker"
"Briony","Myers"
"Adam","Evans"
"Harold","Parker"
"Edgar","Johnston"
"Miranda","Smith"
"Daniel","Wright"
"Amber","Scott"
"Reid","Craig"
"Kelvin","Perkins"
"Carl","Scott"
"Adele","Myers"
"Haris","Taylor"
"Harold","Spencer"
"Arnold","Brown"
"Vivian","Richardson"
"Max","Kelly"
"Max","Mitchell"
"Darcy","Payne"
"Justin","Evans"
"Abigail","Morris"
"Sawyer","Turner"
"Clark","Ellis"
"Dainton","Andrews"
"Lyndon","Davis"
"Ted","Baker"
"Luke","Anderson"
"Preston","Murray"
"Victor","Clark"
"Lucia","West"
"Dale","Hawkins"
"Maximilian","Wright"
"Miley","Carter"
"Bruce","Craig"
"Ryan","Thompson"
"Myra","Barrett"
"Albert","Craig"
"Jack","Cunningham"
"Mike","Tucker"
"Adele","Johnston"
"Myra","Murray"
"Walter","Roberts"
"Jared","Allen"
"Sienna","Adams"
"Spike","Douglas"
"Miranda","Brooks"
"Arnold","Harrison"
"Alisa","Martin"
"Myra","Scott"
"Abigail","Cooper"
"Alberta","Russell"
"Connie","Richards"
"Adelaide","Johnson"
"William","Davis"
"Dominik","Warren"
"Emma","Turner"
"Ellia","Harper"
"Robert","Owens"
"Leonardo","Gibson"
"Kelvin","Foster"
"Sophia","Spencer"
"Adrian","Holmes"
"Luke","Murphy"
"Robert","Casey"
"Aiden","Alexander"
"George","Carter"
"Thomas","Wells"
"Rebecca","Murray"
"Michael","Murray"
"Michelle","Ferguson"
"Lydia","Martin"
"Rosie","Johnson"
"Paul","Wells"
"Amanda","West"
"Emma","Grant"
"Lenny","Holmes"
"Reid","Taylor"
"Amelia","Ferguson"
"Valeria","Russell"
"Elise","Hamilton"
"Adele","Robinson"
"Leonardo","Johnson"
"Tess","Ferguson"
"Amelia","West"
"Daniel","Lloyd"
"Vincent","Stevens"
"Maximilian","Baker"
"Eleanor","Russell"
"Tony","Wilson"
"Oliver","Elliott"
"Caroline","Farrell"
"Julian","Harper"
"Dexter","Smith"
"Alisa","Wilson"
"Maddie","Adams"
"Kevin","Cunningham"
"Amelia","Farrell"
"Brooke","Richardson"
"Brooke","Campbell"
"Hailey","Gibson"
"Edgar","Ryan"
"Daniel","Rogers"
"Savana","Smith"
"Kirsten","Brown"
"Carina","Roberts"
"Lenny","Riley"
"Lilianna","Mitchell"
"Rebecca","Morgan"
"Sophia","Elliott"
"Sabrina","Murray"
"Dale","Perry"
"Sam","Warren"
"Miley","Turner"
"Steven","Martin"
"Patrick","Chapman"
"Amber","Douglas"
"Chester","Perkins"
"Hailey","Higgins"
"Kevin","Walker"
"John","Edwards"
"Daryl","Thompson"
"Alen","Miller"
"Garry","Douglas"
"Alfred","Chapman"
"Lydia","Reed"
"Adelaide","Robinson"
"Edwin","Kelly"
"Dainton","Gray"
"Justin","Crawford"
"Joyce","Payne"
"Rosie","Barrett"
"Brooke","Reed"
"Ellia","Smith"
"Daisy","Adams"
"Albert","Douglas"
"Tyler","Ferguson"
"Thomas","Ferguson"
"Valeria","Williams"
"Leonardo","Ryan"
"Naomi","Elliott"
"Melanie","Perry"
"Tess","Rogers"
"Dexter","Wright"
"Tara","Payne"
"Jacob","Armstrong"
"Charlie","Foster"
"Frederick","Payne"
"Fenton","Brown"
"Penelope","Cole"
"Elise","Campbell"
"Tess","Craig"
"Isabella","Mitchell"
"Jessica","Elliott"
"Miley","Allen"
"Roman","Wilson"
"Nicole","Robinson"
"Anna","Grant"
"Tara","Hunt"
"George","Roberts"
"Jack","Williams"
"Alina","Roberts"
"Paul","Miller"
"Byron","Ellis"
"Nicole","Kelly"
"Miller","Richardson"
"Melissa","Scott"
"Amelia","Ryan"
"Sabrina","Allen"
"Carina","Henderson"
"Valeria","Taylor"
"Antony","Gray"
"Melissa","Casey"
"Bruce","Scott"
"Alford","Ferguson"
"Sienna","Hamilton"
"Jenna","Baker"
"Walter","Robinson"
"Myra","Williams"
"Dale","Richards"
"Lucy","Harrison"
"Sophia","Craig"
"Olivia","Elliott"
"Connie","Murray"
"Amanda","Fowler"
"Carl","Allen"
"Lucia","Wright"
"Caroline","Carter"
